fim,caz,fim bu,fim ju,fim su,caz bo,caz jo,caz so,fimh,cazh,fimh bu,fimh ju,fimh su,cazh bo,cazh jo,cazh so
fim,caz,fim bu,fim ju,fim su,caz bo,caz jo,caz so,fimh,cazh,fimh bu,fimh ju,fimh su,cazh bo,cazh jo,cazh so
fim,caz,fim bu,fim ju,fim su,caz bo,caz jo,caz so,fimh,cazh,fimh bu,fimh ju,fimh su,cazh bo,cazh jo,cazh so
fim,caz,fim bu,fim ju,fim su,caz bo,caz jo,caz so,fimh,cazh,fimh,fimh ju,fimh su,cazh bo,cazh,cazh so
fim,caz,fim bo,fim ju,fim su,caz bo,caz ju,caz so,fimh,cazh,fimh bo,fimh ju,fimh so,cazh bo,casz ju,cazh so
fim,caz,fim bo,fim ju,fim so,caz bo,caz ju,caz so,fimh,cazh,fimh bo,fimh ju,fimh su,cazh bo,casz ju,cazh su
fim,caz,fim bo,fim ju,fim so,caz bo,caz ju,caz su,fimh,cazh,fimh bo,fimh ju,fimh so,cazh bo,casz ju,casz su
fim,caz,fim bo,fim ju,fim su,caz,caz ju,caz su,fimh,cazh,fimh bo,fimh ju,fimh so,cazh bo,cazh,cazh so
fim,caz,fim bo,fim ju,fim so,caz,caz ju,caz so,fimh,cazh,fimh bo,fimh ju,fimh so,cazh,cazh,cazh so
fim,caz,fim bo,fim ju,fim so,caz,caz ju,caz so,fimh,cazh,fimh bo,fimh ju,fimh so,cazh,cazh,cazh so
fim,caz,fim bo,fim ui,fim so,caz,cazh ui,cazh so,fimh,cazh,fimh so,fim ui,fimh so,cazh,cazh ui,cazh so